{
    "camera": {
        "position": {
            "x": 2.37018,
            "y": 107.393,
            "z": 30.941
        },
        "direction": {
            "x": 0.40558,
            "y": 0.40558,
            "z": 0.819152
        },
        "fov": 70.0
    },
    "aabb": {
        "min": {
            "x": -2,
            "y": 102,
            "z": 24.9011
        },
        "max": {
            "x": 2,
            "y": 107.185,
            "z": 27.3684
        }
    },
    "mtl": "df8a1550d8dbdf3c2bed31e054169e3f",
    "obj": "85e4a1c75a63032fb42304417c06b534",
    "textures": ["5ae7a3fdf5fc37a2e85aa804e0c421d8", "6a3ff75896df01f986bbbe223888b704"]
}